fs,test,jobs,trial,metric,value,lat_ms_p50,lat_ms_p99
shared,seqwrite,1,1,MBps,74.4,13.173,19.005
shared,seqwrite4,4,1,MBps,123.5,34.341,51.118
shared,seqread,1,1,MBps,1480.1,0.618,1.974
shared,seqread4,4,1,MBps,2068.1,1.63,6.783
shared,randread,1,1,IOPS,14645.1,1.012,2.277
shared,seqwrite,1,2,MBps,70.6,13.959,21.365
shared,seqwrite4,4,2,MBps,120.7,35.914,45.875
shared,seqread,1,2,MBps,1636.2,0.602,1.204
shared,seqread4,4,2,MBps,2233.3,1.548,5.8
shared,randread,1,2,IOPS,15513.1,0.971,1.86
local,seqwrite,1,1,MBps,312.5,2.834,15.925
local,seqwrite4,4,1,MBps,314.5,12.255,27.656
local,seqread,1,1,MBps,402.2,2.507,3.752
local,seqread4,4,1,MBps,530.0,7.897,8.585
local,randread,1,1,IOPS,38622.4,0.375,0.954
local,seqwrite,1,2,MBps,313.5,2.834,15.27
local,seqwrite4,4,2,MBps,311.7,12.255,30.54
local,seqread,1,2,MBps,419.9,2.441,3.293
local,seqread4,4,2,MBps,529.3,7.897,8.454
local,randread,1,2,IOPS,40609.5,0.371,0.725
