algo,variant,n,steps,workers,trial,time_s,rate,rate_unit,check_ok,notes
heat,serial,800,80,1,0,0.079721,642.2364,Mupd/s,1,"r=0.20;rel_err=1.794e-06;kernel=jacobi"
heat,serial,800,80,1,1,0.071008,721.0468,Mupd/s,1,"r=0.20;rel_err=1.794e-06;kernel=jacobi"
heat,openmp,800,80,2,0,0.080952,632.4741,Mupd/s,1,"r=0.20;rel_err=1.794e-06;kernel=jacobi;schedule=static;threads=2"
heat,openmp,800,80,2,1,0.077862,657.5710,Mupd/s,1,"r=0.20;rel_err=1.794e-06;kernel=jacobi;schedule=static;threads=2"
kmeans,openmp,400000,20,2,0,0.195990,3.9186,GFLOP/s,1,"k=2;d=16;max_centroid_err=8.366e-03;last_changed=0;kernel=aos"
kmeans,openmp,400000,20,2,1,0.200701,3.8266,GFLOP/s,1,"k=2;d=16;max_centroid_err=8.366e-03;last_changed=0;kernel=aos"
kmeans,openmp,400000,20,2,2,0.190940,4.0222,GFLOP/s,1,"k=2;d=16;max_centroid_err=8.366e-03;last_changed=0;kernel=aos"
lj,openmp,32000,100,2,0,10.142174,0.3155,Mpart-step/s,1,"E0/N=-4.42419;E1/N=-4.42427;drift/N=8.04e-05;T1=0.5359;pmax=2.4e-12;cells=13^3;kernel=full;schedule=static"
lj,openmp,32000,100,2,1,11.116226,0.2879,Mpart-step/s,1,"E0/N=-4.42419;E1/N=-4.42427;drift/N=8.04e-05;T1=0.5359;pmax=2.4e-12;cells=13^3;kernel=full;schedule=static"
lj,openmp,32000,100,2,2,11.846743,0.2701,Mpart-step/s,1,"E0/N=-4.42419;E1/N=-4.42427;drift/N=8.04e-05;T1=0.5359;pmax=2.4e-12;cells=13^3;kernel=full;schedule=static"
heat,mpi,800,80,4,0,0.703713,72.7570,Mupd/s,1,"r=0.20;rel_err=1.794e-06;kernel=sendrecv;t_comm=0.6651"
heat,mpi,800,80,4,1,0.650307,78.7320,Mupd/s,1,"r=0.20;rel_err=1.794e-06;kernel=sendrecv;t_comm=0.5970"
ising,mpi,1024,200,4,0,3.349631,62.6084,Mspin/s,1,"T=2.000;e=-1.7491;e_exact=-1.7456;m=0.9126;m_exact=0.9113;M=956892;E=-1834024;t_comm=2.9240"
ising,mpi,1024,200,4,1,3.335483,62.8740,Mspin/s,1,"T=2.000;e=-1.7491;e_exact=-1.7456;m=0.9126;m_exact=0.9113;M=956892;E=-1834024;t_comm=2.8777"
ising,mpi,1024,200,4,2,3.460662,60.5997,Mspin/s,1,"T=2.000;e=-1.7491;e_exact=-1.7456;m=0.9126;m_exact=0.9113;M=956892;E=-1834024;t_comm=2.8751"
cg,mpi,1000000,1376,4,0,42.016049,0.6547,GFLOP/s,1,"iters=1376;rec_res=9.901e-07;true_res=9.901e-07;err_xtrue=3.969e-05;tol=1e-06;kernel=csr;t_halo=15.1005;t_reduce=11.0699"
cg,mpi,1000000,1376,4,1,38.315847,0.7180,GFLOP/s,1,"iters=1376;rec_res=9.901e-07;true_res=9.901e-07;err_xtrue=3.969e-05;tol=1e-06;kernel=csr;t_halo=14.7734;t_reduce=10.1229"
cg,mpi,1000000,1376,4,2,39.063922,0.7042,GFLOP/s,1,"iters=1376;rec_res=9.901e-07;true_res=9.901e-07;err_xtrue=3.969e-05;tol=1e-06;kernel=csr;t_halo=14.5895;t_reduce=11.5682"
cg,mpi,9216,214,4,0,4.518935,0.0087,GFLOP/s,1,"iters=214;rec_res=9.744e-07;true_res=9.744e-07;err_xtrue=2.168e-06;tol=1e-06;kernel=csr;t_halo=1.6942;t_reduce=2.8118"
cg,mpi,9216,214,4,1,4.256054,0.0092,GFLOP/s,1,"iters=214;rec_res=9.744e-07;true_res=9.744e-07;err_xtrue=2.168e-06;tol=1e-06;kernel=csr;t_halo=1.7095;t_reduce=2.5339"
fft,openmp,4096,5,2,0,11.396307,1.7666,GFLOP/s,1,"spike_err=7.61e-16;offpeak=3.19e-16;roundtrip_err=7.44e-15;kernel=transpose"
fft,openmp,4096,5,2,1,10.467002,1.9234,GFLOP/s,1,"spike_err=7.61e-16;offpeak=3.19e-16;roundtrip_err=7.44e-15;kernel=transpose"
fft,mpi,4096,5,4,0,10.275536,1.9593,GFLOP/s,1,"spike_err=7.61e-16;offpeak=3.19e-16;roundtrip_err=7.44e-15;t_comm=2.5345"
fft,mpi,4096,5,4,1,10.365837,1.9422,GFLOP/s,1,"spike_err=7.61e-16;offpeak=3.19e-16;roundtrip_err=7.44e-15;t_comm=2.2937"
