fs,mode,metric,trial,value
shared,files,create_files_per_s,1,53
shared,files,stat_files_per_s,1,6593
shared,files,read_files_per_s,1,848
shared,files,read_MB_per_s,1,3.5
shared,shards,read_MB_per_s,1,42.7
shared,files,create_files_per_s,2,54
shared,files,stat_files_per_s,2,7979
shared,files,read_files_per_s,2,943
shared,files,read_MB_per_s,2,3.9
shared,shards,read_MB_per_s,2,48.8
local,files,create_files_per_s,1,626
local,files,stat_files_per_s,1,74074
local,files,read_files_per_s,1,4918
local,files,read_MB_per_s,1,20.0
local,shards,read_MB_per_s,1,110.3
local,files,create_files_per_s,2,715
local,files,stat_files_per_s,2,153846
local,files,read_files_per_s,2,5199
local,files,read_MB_per_s,2,21.2
local,shards,read_MB_per_s,2,112.0
